chroma_mean,chroma_median,chroma_range,chroma_min,chroma_max,mfcc_mean,mfcc_median,mfcc_range,mfcc_min,mfcc_max,contrast_mean,contrast_median,contrast_range,contrast_min,contrast_max,tonnetz_mean,tonnetz_median,tonnetz_range,tonnetz_min,tonnetz_max
0.37499290300719745,0.2576632797718048,1.0,0.0,1.0,-50.221877259609805,-30.069608688354492,572.8580474853516,-462.3183898925781,110.53965759277344,20.95249956581512,20.31113184695806,53.105893903142835,4.599266259513551,57.705160162656384,0.11779395810804885,0.08068799818778934,1.008547510831204,-0.34566456098556514,0.662882949845639
